{
  "project_info": {
    "project_number": "942086189752",
    "project_id": "regenx-64f99",
    "storage_bucket": "regenx-64f99.firebasestorage.app"
  },
  "client": [
    {
      "client_info": {
        "mobilesdk_app_id": "1:942086189752:android:893e40241e03455c577a4d",
        "android_client_info": {
          "package_name": "com.example.regenx"
        }
      },
      "oauth_client": [],
      "api_key": [
        {
          "current_key": "AIzaSyDnnJgMDqbN5fFusTECUJR4OX8IXoEKeZU"
        }
      ],
      "services": {
        "appinvite_service": {
          "other_platform_oauth_client": []
        }
      }
    }
  ],
  "configuration_version": "1"
}